filename, Jesse, Mila, Other
img_0_png.rf.0da750d8c88d12f4aef8868b2f210e96.jpg, 0, 1, 0
img_11_png.rf.03aa53c81e5fd7590431c81a88d61c05.jpg, 0, 0, 1
img_7_png.rf.07a08c413cd48092ba7baf8986448327.jpg, 1, 0, 0
img_55_png.rf.1af18b3ce88ae928da8625d80cc70eb1.jpg, 0, 0, 1
img_13_png.rf.0fb76caa699a07ad5b3af2c18b74be9a.jpg, 1, 0, 0
img_74_png.rf.0fcce2314fbd3289c49dd98c8ba645ce.jpg, 0, 1, 0
img_14_png.rf.0e9e244da519da64229be4f0971b7437.jpg, 1, 0, 0
img_47_png.rf.000b0ea66923b3088743b1c5daf3e465.jpg, 0, 0, 1
img_31_png.rf.12d2b7cf16cf052dd22a2f4fef3d83bd.jpg, 0, 1, 0
img_64_png.rf.1424be4b4d24dbdf396b151f75a565a0.jpg, 0, 1, 0
img_56_png.rf.10f2ae2bcbb66e0e6415175ea2f95bfb.jpg, 0, 1, 0
img_40_png.rf.0d0940437ad364be95f855797aef27cc.jpg, 0, 1, 0
img_0_png.rf.101bfbe5564da472deea016a326a184a.jpg, 0, 1, 0
img_4_png.rf.0e5eeb1c2642675a7f8b60bfdc406084.jpg, 0, 0, 1
img_17_png.rf.0a0b8bae50eac260c2ad740ab295cd49.jpg, 1, 0, 0
img_19_png.rf.13bc596a84509ab4f4705083554b98cd.jpg, 1, 0, 0
img_23_png.rf.1702e2e6351f8899b45feb2181e74be0.jpg, 1, 0, 0
img_28_png.rf.13c06aa818edf7303eff071a081f3280.jpg, 0, 1, 0
img_35_png.rf.0ceb330103c9c220d4d570b3544553b4.jpg, 1, 0, 0
img_37_png.rf.0d9aef7535b285ce6c48150f51dec2a7.jpg, 0, 1, 0
img_63_png.rf.11f3b4ba86c9ffd60cbacc7ef76446ad.jpg, 0, 0, 1
img_8_png.rf.0b6e955c3504f6826cc7603d16630d93.jpg, 0, 1, 0
img_32_png.rf.042755490cd1f3ee57438a93aa099b9b.jpg, 0, 0, 1
img_42_png.rf.105d9f8f7a11e489d0acd0ae1a28b46b.jpg, 0, 0, 1
img_28_png.rf.0f85ec07d840e49145beadf318106d0e.jpg, 0, 1, 0
img_74_png.rf.1d99c2a347ade33183d59148bba63e4a.jpg, 0, 1, 0
img_31_png.rf.26c72d47ade9b52fac4a61b0d0dcba4e.jpg, 0, 1, 0
img_76_png.rf.275e6d3a7132fa6f240e3f02cf226d07.jpg, 0, 0, 1
img_22_png.rf.2b0ada38329912ed869e991941ded6d5.jpg, 1, 0, 0
img_9_png.rf.26f1b27f315f95671bc6f223475b7e65.jpg, 1, 0, 0
img_42_png.rf.2ca445e33737908d0a7dc3832579cb2a.jpg, 0, 0, 1
img_30_png.rf.29ba81b893b64c846446d7a6b29d0398.jpg, 0, 1, 0
img_56_png.rf.30f278383fa3a0b62cb922efcebe4076.jpg, 0, 1, 0
img_77_png.rf.2b58f6bdb82233cdbe732e58fd554334.jpg, 0, 1, 0
img_6_png.rf.32dc77ebfe1473f1c6e22c6bf7125922.jpg, 0, 1, 0
img_48_png.rf.2d5c3a60860ce502ea0a9e78d7ec93a3.jpg, 1, 0, 0
img_35_png.rf.389b7b90b7ef5add31b5ca882bd08693.jpg, 1, 0, 0
img_68_png.rf.37c67265102808c2d1ed8577be4df8b4.jpg, 1, 0, 0
img_44_png.rf.2e4bd46e0df035c4a2159732a6522f2f.jpg, 0, 0, 1
img_71_png.rf.39227e2194695fbae98b857d004f7b9b.jpg, 0, 0, 1
img_64_png.rf.3a0e7e1b6ebb023cd2a9fc7a7307fb3c.jpg, 0, 1, 0
img_9_png.rf.422c4c33b27b186263b8ad7513629bc9.jpg, 1, 0, 0
img_73_png.rf.3f28288761551590dbef5c02c7cf3608.jpg, 1, 0, 0
img_78_png.rf.3cdfa6ab0e818c486ef13e6d727ff7d3.jpg, 0, 1, 0
img_32_png.rf.43e6c09fb2dc98d339d7bc9ae20575f2.jpg, 0, 0, 1
img_25_png.rf.45275ad3c5b53e733439ffccff9cb569.jpg, 0, 0, 1
img_2_png.rf.4492d02554c582be2645af27686045b1.jpg, 0, 0, 1
img_31_png.rf.42215b8b70c2cece8109b46723a69b6e.jpg, 0, 1, 0
img_58_png.rf.48d309160130ea927edabba724fe6ac1.jpg, 0, 0, 1
img_13_png.rf.4239c1dfd48d18fa89b2dcf0c39dda76.jpg, 1, 0, 0
img_15_png.rf.4b82488612e8543ce54f9bb8a81a837a.jpg, 0, 0, 1
img_60_png.rf.458e7c97d5d718469c9ca47a568a7b67.jpg, 1, 0, 0
img_2_png.rf.4ad34ad8f539333757017cf1201711fa.jpg, 0, 0, 1
img_3_png.rf.4c8089fbb8896d2c4b752d02285a3b68.jpg, 0, 1, 0
img_72_png.rf.4ce4f4fda49aeb0cda9f1d6353ede993.jpg, 1, 0, 0
img_73_png.rf.4b8e89d6871205f82f66000c0850dcd0.jpg, 1, 0, 0
img_23_png.rf.4cb2592c334a0b35076c2da40bb5027a.jpg, 1, 0, 0
img_16_png.rf.4d32de33cc4445b67b645e4924df0c2d.jpg, 0, 0, 1
img_19_png.rf.53635c0cff4caee984d1c738e387657d.jpg, 1, 0, 0
img_36_png.rf.50e726c9b6b178fd348d8bc7f57dae36.jpg, 0, 0, 1
img_26_png.rf.55e5519005105d38ae96cfbf010e7b71.jpg, 0, 1, 0
img_3_png.rf.53f76ff4edf748c61c200ae58543f674.jpg, 0, 1, 0
img_63_png.rf.53f266a38a3ad46ad6ef85dfd86d554e.jpg, 0, 0, 1
img_40_png.rf.56c638691051f06b2a6c0e0c8342a767.jpg, 0, 1, 0
img_5_png.rf.57478deb654063353cf289593d6221c2.jpg, 1, 0, 0
img_78_png.rf.5a1caf8e6a12c6ad7879fc2d9f2d3fae.jpg, 0, 1, 0
img_6_png.rf.60657a2de85b0020ba248c87d570a4b9.jpg, 0, 1, 0
img_11_png.rf.5ab04b61c2c91495ecfa95150dcd92f3.jpg, 0, 0, 1
img_27_png.rf.550b22d4a8c44b21df4fc8b588a1637b.jpg, 1, 0, 0
img_4_png.rf.57b21779946567c897a8b267c0f886ce.jpg, 0, 0, 1
img_67_png.rf.61ff53d252fcff50ccf6f5572bf1019e.jpg, 0, 1, 0
img_73_png.rf.61bb5d9fb41626cbc5cb4d47bbdc3426.jpg, 1, 0, 0
img_54_png.rf.63860412ffa8c4f025a31e15ad741944.jpg, 1, 0, 0
img_10_png.rf.63c7140a620900cd7200896a14be76c3.jpg, 1, 0, 0
img_40_png.rf.6396a4c0f2be1ac2bdc354b6f5ede560.jpg, 0, 1, 0
img_43_png.rf.676f28abec00062ebf41602f063ae5d3.jpg, 0, 1, 0
img_54_png.rf.6a12fc6bfedf9fc54a5305f0353fff8f.jpg, 1, 0, 0
img_66_png.rf.69500a565427b38ae60be109ea6a5a9e.jpg, 1, 0, 0
img_43_png.rf.72ea75851b6758a9c4cd91224089430b.jpg, 0, 1, 0
img_33_png.rf.6f73fc66127d89d8db3b9d17773a81ac.jpg, 0, 1, 0
img_51_png.rf.70796f707d1a9c08c531e3ba0029b41e.jpg, 0, 1, 0
img_48_png.rf.73f19a7055426964211a9ac80e2bcd37.jpg, 1, 0, 0
img_37_png.rf.74535c75f27beaf5b13b500b9bf48cd7.jpg, 0, 1, 0
img_9_png.rf.756af07ae4f2d31674ddb4625ed1736a.jpg, 1, 0, 0
img_20_png.rf.7156a915f103278d667f0ee98c247249.jpg, 1, 0, 0
img_15_png.rf.77d30ee2fc8a30bc531a717d44721519.jpg, 0, 0, 1
img_43_png.rf.78c1291f43dd6efaf35c50fb9f0979c5.jpg, 0, 1, 0
img_60_png.rf.799413c05cf3fad52e319f0f8cfc7aad.jpg, 1, 0, 0
img_51_png.rf.7782ccf5b96ca1a2d2fb85548821b50d.jpg, 0, 1, 0
img_21_png.rf.74785b844a3dddfcb07df7913db5a498.jpg, 0, 0, 1
img_24_png.rf.79d4c4b4f74e1fc3066ea33838ba2ded.jpg, 0, 1, 0
img_68_png.rf.7c7b35da945205fdec20661bc3e6876d.jpg, 1, 0, 0
img_10_png.rf.783d1d9009134bfb9489dd795a5e1f31.jpg, 1, 0, 0
img_36_png.rf.7d4892b09ebbd426e263ce8a4f404ca4.jpg, 0, 0, 1
img_58_png.rf.74002c83250e0d9196e352386c8ec304.jpg, 0, 0, 1
img_17_png.rf.7dafe973c36a346f426b440abfdcfd7f.jpg, 1, 0, 0
img_27_png.rf.7dd9f524814486a749c72d284059bf2a.jpg, 1, 0, 0
img_72_png.rf.7e7ffbb39d1786d7c9da3efa79e4f95e.jpg, 1, 0, 0
img_13_png.rf.7def5433fc006b17a6a56d5bc7e1e771.jpg, 1, 0, 0
img_3_png.rf.7d51110cadc8f3d2c165d7fddc77f082.jpg, 0, 1, 0
img_17_png.rf.7fa86e74ed0b95435f67fa55caddc726.jpg, 1, 0, 0
img_66_png.rf.7f7787e24339343369a434e0d79cbf76.jpg, 1, 0, 0
img_22_png.rf.8126150a716fb3e9b79303ecb79cbe8d.jpg, 1, 0, 0
img_46_png.rf.81ae9cf54f8c1adef9ceb09ef16677e6.jpg, 0, 1, 0
img_64_png.rf.8524d67d24f0a0c923a978cb5ae095da.jpg, 0, 1, 0
img_67_png.rf.8b560bd5d480ca3c12032ab46319faf6.jpg, 0, 1, 0
img_76_png.rf.7fb497da23e094f428d1f5e73bfd4759.jpg, 0, 0, 1
img_33_png.rf.86770b413f123fe32d37c57d0784a8b6.jpg, 0, 1, 0
img_1_png.rf.868821863258d99e5606f7e7f626d8fe.jpg, 0, 1, 0
img_45_png.rf.8bca806b41902440437793c536f09dfb.jpg, 1, 0, 0
img_67_png.rf.8c7f1e6c968f15d5be748e69736146ea.jpg, 0, 1, 0
img_55_png.rf.8d5b06c7c6013aea4b2c5367fd9d3c66.jpg, 0, 0, 1
img_30_png.rf.8c34ead5938090cf9bfbbc77cf3d91f0.jpg, 0, 1, 0
img_45_png.rf.8b9a5c0e397b12fa834837d88f1ba1a8.jpg, 1, 0, 0
img_36_png.rf.90d84db9cf48585c5ee465ee98f6ca37.jpg, 0, 0, 1
img_54_png.rf.91ad001202ca74dcb00de31147f31096.jpg, 1, 0, 0
img_56_png.rf.90d674bdbda51394094003b543914a6c.jpg, 0, 1, 0
img_47_png.rf.94601b79764b6842f1c5e923f216962c.jpg, 0, 0, 1
img_63_png.rf.94b3e0e5b655f2bc5aa31f575d82107e.jpg, 0, 0, 1
img_77_png.rf.95906f313c44a6f35cda7044b7ed2dc2.jpg, 0, 1, 0
img_75_png.rf.970b934582349a6140e8eb662c90c986.jpg, 0, 1, 0
img_42_png.rf.9cb2f7bc339b7162d6add700372a654a.jpg, 0, 0, 1
img_22_png.rf.9fa076582c16789147902dea91457185.jpg, 1, 0, 0
img_46_png.rf.9e938f04fa2048e73f9fb15c2d8139d4.jpg, 0, 1, 0
img_7_png.rf.a977b678a706a3dea5208b9ee1579030.jpg, 1, 0, 0
img_5_png.rf.a1f1ed165f71af06220a66952fce9e5c.jpg, 1, 0, 0
img_48_png.rf.9bd8f217c45075ac4d406f623be9bb5b.jpg, 1, 0, 0
img_2_png.rf.a32c6cae3244f27e7352fe01c66c6622.jpg, 0, 0, 1
img_19_png.rf.aa47791f09ae71d306423a9fbfeed4bc.jpg, 1, 0, 0
img_11_png.rf.b2df2f8c25594452b1605320f2a1721e.jpg, 0, 0, 1
img_75_png.rf.a5d25cdc488a8af42d99132cd3bc0fbc.jpg, 0, 1, 0
img_8_png.rf.b49e5ad1239679fac9844a004e40d8c5.jpg, 0, 1, 0
img_51_png.rf.b59d7bd19a18950e9ca5abecbc2cc3e9.jpg, 0, 1, 0
img_33_png.rf.b560b12f270867f9e044875561c1d165.jpg, 0, 1, 0
img_38_png.rf.aba138a680cf4612450575c59b7daec5.jpg, 0, 1, 0
img_62_png.rf.b5c2297358b37deaa003790c7d4952de.jpg, 1, 0, 0
img_28_png.rf.b68765eee4084c4c7146bd56286e5379.jpg, 0, 1, 0
img_69_png.rf.af70c43c597898e225dd99071459ac4e.jpg, 1, 0, 0
img_10_png.rf.b89b3f08da072aa2dd3be6fbfc9e4c1a.jpg, 1, 0, 0
img_37_png.rf.b8ac9d28b36dd8459dc14990e5699171.jpg, 0, 1, 0
img_72_png.rf.b78ee1ccc5b8f3996fb2b93d3db706e6.jpg, 1, 0, 0
img_14_png.rf.b9094938d19b9bc4a215d3ce21be1dc1.jpg, 1, 0, 0
img_46_png.rf.c1f56570db523f8c80b5be8252968a8b.jpg, 0, 1, 0
img_69_png.rf.be23d096ef538ebdeecffaa955564a98.jpg, 1, 0, 0
img_78_png.rf.c2a760b54bdc467ef1cfe1edc0d401d3.jpg, 0, 1, 0
img_77_png.rf.bf61d6e8a0997cd1b65ce14ae6437a15.jpg, 0, 1, 0
img_30_png.rf.bebda13e40273e53b42cbf80ba56c292.jpg, 0, 1, 0
img_6_png.rf.c194f68ea19b4aeea543eaf87056860a.jpg, 0, 1, 0
img_79_png.rf.c47591690df0b8c7f15db076a44f1d1e.jpg, 0, 0, 1
img_79_png.rf.c68eec650817fe5c2da6ab9d60dbad87.jpg, 0, 0, 1
img_8_png.rf.c755d3409d8f788a896570cd865bdefd.jpg, 0, 1, 0
img_76_png.rf.c4a7433d6d7f84e23f928f690cfd995f.jpg, 0, 0, 1
img_32_png.rf.c177e0908ca5880def2e784fb9c5dc70.jpg, 0, 0, 1
img_58_png.rf.c9e5d9a138bb89f3101b865ba6f9abd0.jpg, 0, 0, 1
img_21_png.rf.cec88c6235cd28b41ff12ec7f640b024.jpg, 0, 0, 1
img_68_png.rf.cf40c29ff2c8dec3119d599b714d6268.jpg, 1, 0, 0
img_24_png.rf.cfc997e3afe41156130eb5d744c9027b.jpg, 0, 1, 0
img_24_png.rf.d091f8d06c0bccfecbe7a6c5ab4ce9b7.jpg, 0, 1, 0
img_25_png.rf.ce2c056d42b82ed46d0af040f9c1db2a.jpg, 0, 0, 1
img_62_png.rf.d017492cd0ba2816e3cf95d86323551d.jpg, 1, 0, 0
img_21_png.rf.d23d7d510f5c52d05bb766095c5e0d1a.jpg, 0, 0, 1
img_5_png.rf.d738052922f4fab1c821c36672de1310.jpg, 1, 0, 0
img_20_png.rf.d6c6cfd6dc931f09cbba73f63c762de8.jpg, 1, 0, 0
img_16_png.rf.da7917f38461c3ca097acd1f17b8b200.jpg, 0, 0, 1
img_45_png.rf.d761605aa8256b544a4b81786a5576bb.jpg, 1, 0, 0
img_47_png.rf.d650e588362ec749e2d0010caad9f9c5.jpg, 0, 0, 1
img_1_png.rf.dc2e22384be426f58d3cb37ff10d4de9.jpg, 0, 1, 0
img_74_png.rf.dd131f0874b6f1c4897b0aa3a29658c1.jpg, 0, 1, 0
img_38_png.rf.d084aa5a15138e245a63ca6548c127a8.jpg, 0, 1, 0
img_15_png.rf.d74a43d34c22c7caaa9931f30db3a05a.jpg, 0, 0, 1
img_44_png.rf.e176a70f93b7ea3bde1370aecb5d26ff.jpg, 0, 0, 1
img_0_png.rf.dfaf54c3a106987cfbd166ceaba6ceee.jpg, 0, 1, 0
img_55_png.rf.e3fce84270369244109d1e1d26226ccf.jpg, 0, 0, 1
img_20_png.rf.e2a38b33d5817e7c7fe6d70304bf4f8e.jpg, 1, 0, 0
img_71_png.rf.e692568d0f1efd0f80628f2564f80dc5.jpg, 0, 0, 1
img_27_png.rf.e0612f1aab9c6898bc258e591908dac0.jpg, 1, 0, 0
img_44_png.rf.e83e99f9c715beae786b28c23135d9b9.jpg, 0, 0, 1
img_38_png.rf.e8a621b5d00e76b8822d52d5b7827cf5.jpg, 0, 1, 0
img_66_png.rf.eb3cff3912ad37a026cdda2809d56a1c.jpg, 1, 0, 0
img_7_png.rf.eb4e93eeeb39117baaf544516fc6559b.jpg, 1, 0, 0
img_26_png.rf.ea6379906547c3650c5bf4c7b1f74fbd.jpg, 0, 1, 0
img_69_png.rf.ecec99efecda3886d77b72eceaca1eb4.jpg, 1, 0, 0
img_16_png.rf.f074038c2729f697209b9f97316c595e.jpg, 0, 0, 1
img_4_png.rf.e6e21573ba3bfbf3a57de20cb95c636e.jpg, 0, 0, 1
img_23_png.rf.eb5a22c64739e5b49eb192674c655516.jpg, 1, 0, 0
img_26_png.rf.f47a7fe79eedf6b24e4d940e73620f61.jpg, 0, 1, 0
img_62_png.rf.fc33b811d84b5dd902debfa062c76e3e.jpg, 1, 0, 0
img_60_png.rf.fa73e1734d9f8ac285eed182f633b29f.jpg, 1, 0, 0
img_75_png.rf.ee4a92a23e3a6b6738fd5cc99884d8e8.jpg, 0, 1, 0
img_71_png.rf.f657a28f30b985add47e5ec38f1d028e.jpg, 0, 0, 1
img_1_png.rf.fdae1b38906ff3a7cc38bb69309d6bb5.jpg, 0, 1, 0
img_14_png.rf.f1f1940f87ac8f55d3e14b3b65baa1c9.jpg, 1, 0, 0
img_35_png.rf.fb6a90557b8c768321a850a2fc34d89c.jpg, 1, 0, 0
img_79_png.rf.fdc2e6b4eeacacd62bf366129a9b3d8b.jpg, 0, 0, 1
img_25_png.rf.fbd9ccdc85f57bc7d90f4ada9623bb8a.jpg, 0, 0, 1